{"stats":{"minecraft:dropped":{"minecraft:wheat_seeds":1,"minecraft:rotten_flesh":2,"scalinghealth:heart_crystal_shard":1,"minecraft:leather":12,"minecraft:saddle":2,"minecraft:poppy":1,"simplyswords:iron_scythe":1,"marbledsarsenal:barbed_baseball_bat":1,"minecraft:fire_charge":1,"comforts:sleeping_bag_white":1,"minecraft:string":2},"minecraft:crafted":{"minecraft:saddle":1,"minecraft:oak_planks":16,"minecraft:crafting_table":1,"comforts:sleeping_bag_white":2,"minecraft:pumpkin_seeds":8,"minecraft:bread":51,"minecraft:air":0,"simplyswords:iron_scythe":1,"minecraft:stick":4,"minecraft:wheat":153},"minecraft:picked_up":{"minecraft:stripped_oak_log":4,"minecraft:crafting_table":4,"minecraft:leather":10,"butchersdelight:goat_fur":2,"minecraft:string":4,"minecraft:iron_shovel":1,"minecraft:bone":3,"minecraft:wheat_seeds":1,"minecraft:iron_ingot":4,"minecraft:poppy":1,"minecraft:egg":1,"minecraft:stick":2,"scalinghealth:heart_crystal_shard":1,"butchersdelight:cow_hide":1,"minecraft:fire_charge":1,"pointblank:gunmetal_nugget":12,"farmersdelight:ham":1,"minecraft:spider_eye":2,"minecraft:oak_wood":8,"butchersdelight:sheephide":1,"butchersdelight:deadsheep":6,"minecraft:rotten_flesh":9,"minecraft:hay_block":17,"minecraft:saddle":1,"butchersdelight:deadllama":2,"butchersdelight:hook":1,"minecraft:mutton":9,"minecraft:cobblestone":1,"minecraft:white_wool":6},"minecraft:killed":{"minecraft:iron_golem":1,"minecraft:horse":1,"minecraft:sheep":4,"minecraft:zombie":12},"minecraft:mined":{"projectvibrantjourneys:rocks":1,"minecraft:crafting_table":4,"projectvibrantjourneys:twigs":2,"minecraft:oak_wood":11,"minecraft:grass_block":1,"minecraft:tall_grass":1,"minecraft:hay_block":17,"minecraft:fire":4,"minecraft:grass":3,"butchersdelight:hook":1,"projectvibrantjourneys:short_grass":7,"minecraft:stripped_oak_log":4,"minecraft:cobweb":4},"minecraft:custom":{"lootr:looted_stat":3,"minecraft:mob_kills":20,"minecraft:traded_with_villager":8,"minecraft:interact_with_crafting_table":8,"minecraft:leave_game":2,"minecraft:time_since_death":13208,"minecraft:climb_one_cm":9601,"minecraft:time_since_rest":13245,"minecraft:sprint_one_cm":76367,"minecraft:damage_taken":2153,"minecraft:walk_one_cm":82117,"minecraft:drop":14,"minecraft:damage_dealt":4351,"minecraft:talked_to_villager":2,"minecraft:fly_one_cm":174977,"minecraft:crouch_one_cm":781,"minecraft:play_time":32267,"minecraft:deaths":6,"minecraft:sneak_time":863,"minecraft:jump":610,"minecraft:total_world_time":32267,"minecraft:fall_one_cm":15778,"minecraft:horse_one_cm":198127},"minecraft:killed_by":{"spore:inf_player":1,"minecraft:player":1,"minecraft:zombie":2,"spore:inf_human":1,"spore:inf_pillager":1},"minecraft:used":{"simplyswords:iron_spear":33,"minecraft:oak_planks":3,"butchersdelight:hook":1,"marbledsarsenal:barbed_baseball_bat":58,"simpletomb:grave_key":9,"minecraft:spyglass":9,"minecraft:crafting_table":5,"butchersdelight:cleaver":45,"minecraft:bread":1,"farmersdelight:ham":1,"simplyswords:iron_scythe":15,"minecraft:pumpkin_pie":8}},"DataVersion":3465}