{"stats":{"minecraft:dropped":{"doggytalents:rice_grains":2,"sophisticatedbackpacks:backpack":1,"minecraft:stick":1},"minecraft:picked_up":{"minecraft:stick":2,"minecraft:crafting_table":1,"scalinghealth:heart_crystal_shard":7,"doggytalents:rice_grains":3,"sophisticatedbackpacks:backpack":1,"butchersdelight:cow_hide":1,"minecraft:fire_charge":1,"butchersdelight:deadpig":5,"minecraft:gunpowder":1,"minecraft:spider_eye":1,"minecraft:red_terracotta":6,"minecraft:dirt":1,"minecraft:bone":2,"butchersdelight:deadsheep":1,"minecraft:rotten_flesh":5,"butchersdelight:dead_cow":2,"simplyswords:iron_scythe":1,"minecraft:wheat_seeds":4,"comforts:sleeping_bag_white":3,"minecraft:hay_block":1,"minecraft:beef":4,"minecraft:saddle":1,"minecraft:bricks":1,"minecraft:white_wool":1},"minecraft:killed":{"minecraft:zombie":4},"minecraft:custom":{"minecraft:time_since_rest":4909,"lootr:looted_stat":2,"minecraft:interact_with_furnace":1,"minecraft:sprint_one_cm":60487,"minecraft:damage_taken":1255,"minecraft:walk_one_cm":138916,"minecraft:mob_kills":4,"minecraft:drop":4,"minecraft:damage_dealt":1774,"minecraft:fly_one_cm":200420,"minecraft:player_kills":1,"minecraft:play_time":35458,"minecraft:crouch_one_cm":339,"minecraft:sneak_time":64,"minecraft:deaths":2,"minecraft:jump":696,"minecraft:time_since_death":17292,"minecraft:sleep_in_bed":2,"minecraft:total_world_time":35458,"minecraft:climb_one_cm":13181,"minecraft:fall_one_cm":19251,"minecraft:horse_one_cm":299233},"minecraft:mined":{"comforts:sleeping_bag_white":1,"minecraft:hay_block":2,"farmersdelight:wild_carrots":1,"projectvibrantjourneys:bones":1,"minecraft:crafting_table":1,"minecraft:grass":27,"projectvibrantjourneys:twigs":2,"minecraft:grass_block":1,"minecraft:gray_stained_glass":2,"projectvibrantjourneys:short_grass":13,"minecraft:vine":1,"minecraft:white_stained_glass_pane":2,"minecraft:white_stained_glass":5,"minecraft:tall_grass":5,"projectvibrantjourneys:seashells":1,"minecraft:oak_leaves":1},"minecraft:killed_by":{"minecraft:player":1,"minecraft:zombie":1},"minecraft:used":{"butchersdelight:cleaver":11,"minecraft:bread":3,"marbledsarsenal:barbed_baseball_bat":12,"simpletomb:grave_key":2,"simplyswords:iron_scythe":17,"minecraft:white_wool":1,"minecraft:spyglass":51,"minecraft:dirt":1,"minecraft:fire_charge":1,"minecraft:written_book":3,"minecraft:pumpkin_pie":2,"comforts:sleeping_bag_white":2}},"DataVersion":3465}