{"stats":{"minecraft:crafted":{"minecraft:oak_planks":8,"minecraft:crafting_table":1,"minecraft:fern":2,"minecraft:bucket":1,"minecraft:bread":51,"minecraft:air":0,"minecraft:wheat":153},"minecraft:dropped":{"doggytalents:training_treat":1,"minecraft:wheat_seeds":1,"minecraft:cobblestone":1,"minecraft:smooth_quartz":8,"minecraft:iron_door":1,"minecraft:fire_charge":1,"minecraft:slime_ball":1,"minecraft:polished_blackstone_bricks":1},"minecraft:picked_up":{"minecraft:enchanting_table":1,"minecraft:crafting_table":2,"minecraft:iron_door":1,"minecraft:anvil":2,"minecraft:leather":4,"minecraft:oak_log":2,"minecraft:yellow_bed":2,"scalinghealth:heart_crystal":1,"minecraft:string":2,"minecraft:raw_copper":22,"minecraft:smooth_stone_slab":2,"minecraft:wheat_seeds":1,"minecraft:smooth_quartz":8,"minecraft:furnace":3,"minecraft:stick":1,"doggytalents:training_treat":1,"minecraft:polished_blackstone_bricks":1,"minecraft:red_terracotta":1,"minecraft:light_gray_terracotta":1,"butchersdelight:deadsheep":1,"minecraft:slime_ball":1,"minecraft:hay_block":17,"minecraft:iron_bars":1,"minecraft:cobblestone":1,"minecraft:white_wool":1},"minecraft:killed":{"minecraft:zombie_villager":1,"minecraft:sheep":1,"minecraft:zombie":2,"spore:inf_human":2},"minecraft:custom":{"lootr:looted_stat":8,"minecraft:mob_kills":7,"minecraft:traded_with_villager":2,"minecraft:interact_with_crafting_table":2,"minecraft:leave_game":1,"minecraft:time_since_death":16563,"minecraft:sleep_in_bed":1,"minecraft:climb_one_cm":16202,"minecraft:time_since_rest":11049,"minecraft:sprint_one_cm":135262,"minecraft:damage_taken":1071,"minecraft:walk_one_cm":76989,"minecraft:drop":8,"minecraft:damage_dealt":2142,"minecraft:swim_one_cm":370,"minecraft:talked_to_villager":3,"minecraft:fly_one_cm":167107,"minecraft:player_kills":1,"minecraft:open_chest":4,"minecraft:crouch_one_cm":3321,"minecraft:play_time":26468,"minecraft:deaths":2,"minecraft:sneak_time":1408,"minecraft:walk_under_water_one_cm":932,"minecraft:jump":590,"minecraft:walk_on_water_one_cm":395,"minecraft:total_world_time":26468,"minecraft:fall_one_cm":18406,"minecraft:horse_one_cm":7589},"minecraft:mined":{"minecraft:light_blue_stained_glass_pane":3,"minecraft:glass_pane":4,"minecraft:blue_stained_glass":4,"minecraft:crafting_table":2,"minecraft:light_gray_terracotta":1,"minecraft:gray_stained_glass":1,"minecraft:white_stained_glass_pane":4,"minecraft:white_stained_glass":5,"minecraft:copper_ore":6,"minecraft:quartz_bricks":1,"minecraft:bricks":1,"minecraft:iron_door":1,"minecraft:light_blue_stained_glass":6,"minecraft:hay_block":17,"minecraft:polished_blackstone_bricks":1,"minecraft:red_terracotta":7,"minecraft:furnace":3,"minecraft:yellow_bed":2,"minecraft:anvil":2,"minecraft:smooth_stone_slab":1,"minecraft:enchanting_table":1,"minecraft:grass":1,"minecraft:oak_log":2,"projectvibrantjourneys:short_grass":1,"minecraft:iron_bars":1,"minecraft:smooth_quartz":10,"projectvibrantjourneys:seashells":1,"minecraft:stone":1},"minecraft:killed_by":{"spore:inf_villager":2},"minecraft:used":{"minecraft:water_bucket":3,"marbledsarsenal:barbed_baseball_bat":49,"simpletomb:grave_key":1,"minecraft:white_wool":1,"minecraft:spyglass":3,"scalinghealth:heart_crystal":1,"minecraft:crafting_table":2,"butchersdelight:cleaver":25,"minecraft:bread":2,"minecraft:iron_pickaxe":46,"minecraft:red_terracotta":1,"minecraft:golden_carrot":4,"minecraft:bucket":4,"minecraft:pumpkin_pie":2,"minecraft:smooth_stone_slab":2,"minecraft:yellow_bed":1}},"DataVersion":3465}