{"stats":{"minecraft:dropped":{"butchersdelight:sheephide":1},"minecraft:picked_up":{"butchersdelight:sheephide":1,"spore:mutated_heart":1,"butchersdelight:deadsheep":1,"butchersdelight:dead_cow":1,"butchersdelight:cow_hide":1,"minecraft:beef":2,"minecraft:porkchop":4,"butchersdelight:deadpig":2,"pointblank:gunmetal_nugget":2,"spore:mutated_fiber":4,"farmersdelight:ham":1,"minecraft:mutton":1,"minecraft:white_wool":1},"minecraft:killed":{"minecraft:sheep":1,"spore:inf_human":4},"minecraft:mined":{"minecraft:grass":5,"projectvibrantjourneys:short_grass":2},"minecraft:custom":{"minecraft:open_chest":1,"minecraft:time_since_rest":4073,"lootr:looted_stat":2,"minecraft:play_time":5077,"minecraft:sprint_one_cm":36842,"minecraft:walk_one_cm":27154,"minecraft:damage_taken":609,"minecraft:deaths":2,"minecraft:mob_kills":5,"minecraft:drop":1,"minecraft:jump":333,"minecraft:damage_dealt":1318,"minecraft:leave_game":1,"minecraft:time_since_death":4052,"minecraft:total_world_time":5077,"minecraft:talked_to_villager":3,"minecraft:fall_one_cm":11435,"minecraft:fly_one_cm":109230},"minecraft:killed_by":{"spore:inf_player":1,"spore:inf_human":1},"minecraft:used":{"simpletomb:grave_key":2,"minecraft:spyglass":1,"minecraft:bread":2,"minecraft:pumpkin_pie":1,"farmersdelight:ham":1,"marbledsarsenal:barbed_baseball_bat":30}},"DataVersion":3465}